<application>
  <component name="ProjectJdkTable">
    <jdk version="2">
      <name value="Python 3.7 (Django)" />
      <type value="Python SDK" />
      <version value="Python 3.7.2" />
      <homePath value="C:\Users\tmj\Anaconda3\envs\web\python.exe" />
      <roots>
        <classPath>
          <root type="composite">
            <root url="file://$USER_HOME$/Anaconda3/envs/web/DLLs" type="simple" />
            <root url="file://$USER_HOME$/Anaconda3/envs/web/Lib" type="simple" />
            <root url="file://$USER_HOME$/Anaconda3/envs/web/Lib/site-packages" type="simple" />
            <root url="file://$USER_HOME$/Anaconda3/envs/web/Lib/site-packages/win32" type="simple" />
            <root url="file://$USER_HOME$/Anaconda3/envs/web/Lib/site-packages/win32/lib" type="simple" />
            <root url="file://$USER_HOME$/Anaconda3/envs/web/Lib/site-packages/pythonwin" type="simple" />
            <root url="file://$USER_HOME$/.PyCharm2019.1/system/python_stubs/1019255744" type="simple" />
            <root url="file://$APPLICATION_HOME_DIR$/helpers/python-skeletons" type="simple" />
            <root url="file://$APPLICATION_HOME_DIR$/helpers/typeshed/stdlib/3" type="simple" />
            <root url="file://$APPLICATION_HOME_DIR$/helpers/typeshed/stdlib/2and3" type="simple" />
            <root url="file://$APPLICATION_HOME_DIR$/helpers/typeshed/third_party/3" type="simple" />
            <root url="file://$APPLICATION_HOME_DIR$/helpers/typeshed/third_party/2and3" type="simple" />
          </root>
        </classPath>
        <sourcePath>
          <root type="composite" />
        </sourcePath>
      </roots>
      <additional />
    </jdk>
    <jdk version="2">
      <name value="Python 3.7" />
      <type value="Python SDK" />
      <version value="Python 3.7.2" />
      <homePath value="C:\Users\tmj\Anaconda3\python.exe" />
      <roots>
        <classPath>
          <root type="composite">
            <root url="file://$USER_HOME$/Anaconda3/DLLs" type="simple" />
            <root url="file://$USER_HOME$/Anaconda3/Lib" type="simple" />
            <root url="file://$USER_HOME$/Anaconda3/Lib/site-packages" type="simple" />
            <root url="file://$USER_HOME$/Anaconda3/Lib/site-packages/win32" type="simple" />
            <root url="file://$USER_HOME$/Anaconda3/Lib/site-packages/win32/lib" type="simple" />
            <root url="file://$USER_HOME$/Anaconda3/Lib/site-packages/pythonwin" type="simple" />
            <root url="file://$USER_HOME$/.PyCharm2019.1/system/python_stubs/-574691740" type="simple" />
            <root url="file://$APPLICATION_HOME_DIR$/helpers/python-skeletons" type="simple" />
            <root url="file://$APPLICATION_HOME_DIR$/helpers/typeshed/stdlib/3" type="simple" />
            <root url="file://$APPLICATION_HOME_DIR$/helpers/typeshed/stdlib/2and3" type="simple" />
            <root url="file://$APPLICATION_HOME_DIR$/helpers/typeshed/third_party/3" type="simple" />
            <root url="file://$APPLICATION_HOME_DIR$/helpers/typeshed/third_party/2and3" type="simple" />
          </root>
        </classPath>
        <sourcePath>
          <root type="composite" />
        </sourcePath>
      </roots>
      <additional />
    </jdk>
    <jdk version="2">
      <name value="Python 3.7 (2)" />
      <type value="Python SDK" />
      <version value="Python 3.7.2" />
      <homePath value="C:\Users\tmj\Anaconda3\envs\Test\python.exe" />
      <roots>
        <classPath>
          <root type="composite">
            <root url="file://$USER_HOME$/Anaconda3/envs/Test/DLLs" type="simple" />
            <root url="file://$USER_HOME$/Anaconda3/envs/Test/Lib" type="simple" />
            <root url="file://$USER_HOME$/Anaconda3/envs/Test" type="simple" />
            <root url="file://$USER_HOME$/Anaconda3/envs/Test/Lib/site-packages" type="simple" />
            <root url="file://$USER_HOME$/Anaconda3/envs/Test/Lib/site-packages/win32" type="simple" />
            <root url="file://$USER_HOME$/Anaconda3/envs/Test/Lib/site-packages/win32/lib" type="simple" />
            <root url="file://$USER_HOME$/Anaconda3/envs/Test/Lib/site-packages/pythonwin" type="simple" />
            <root url="file://$USER_HOME$/.PyCharm2018.3/system/python_stubs/-302246920" type="simple" />
            <root url="file://$APPLICATION_HOME_DIR$/helpers/python-skeletons" type="simple" />
            <root url="file://$APPLICATION_HOME_DIR$/helpers/typeshed/stdlib/3" type="simple" />
            <root url="file://$APPLICATION_HOME_DIR$/helpers/typeshed/stdlib/2and3" type="simple" />
            <root url="file://$APPLICATION_HOME_DIR$/helpers/typeshed/third_party/3" type="simple" />
            <root url="file://$APPLICATION_HOME_DIR$/helpers/typeshed/third_party/2and3" type="simple" />
          </root>
        </classPath>
        <sourcePath>
          <root type="composite" />
        </sourcePath>
      </roots>
      <additional />
    </jdk>
    <jdk version="2">
      <name value="Python 2.7 (untitled)" />
      <type value="Python SDK" />
      <version value="Python 2.7.15" />
      <homePath value="C:\Users\tmj\Anaconda3\envs\python2\python.exe" />
      <roots>
        <classPath>
          <root type="composite">
            <root url="file://$USER_HOME$/Anaconda3/envs/python2/DLLs" type="simple" />
            <root url="file://$USER_HOME$/Anaconda3/envs/python2/Lib" type="simple" />
            <root url="file://$USER_HOME$/Anaconda3/envs/python2/Lib/lib-tk" type="simple" />
            <root url="file://$USER_HOME$/Anaconda3/envs/python2" type="simple" />
            <root url="file://$USER_HOME$/Anaconda3/envs/python2/Lib/site-packages" type="simple" />
            <root url="file://$USER_HOME$/.PyCharm2018.3/system/python_stubs/1098022014" type="simple" />
            <root url="file://$APPLICATION_HOME_DIR$/helpers/python-skeletons" type="simple" />
            <root url="file://$APPLICATION_HOME_DIR$/helpers/typeshed/stdlib/2" type="simple" />
            <root url="file://$APPLICATION_HOME_DIR$/helpers/typeshed/stdlib/2and3" type="simple" />
            <root url="file://$APPLICATION_HOME_DIR$/helpers/typeshed/third_party/2" type="simple" />
            <root url="file://$APPLICATION_HOME_DIR$/helpers/typeshed/third_party/2and3" type="simple" />
          </root>
        </classPath>
        <sourcePath>
          <root type="composite" />
        </sourcePath>
      </roots>
      <additional />
    </jdk>
    <jdk version="2">
      <name value="Python 3.7 (DjangoBlog)" />
      <type value="Python SDK" />
      <version value="Python 3.6.8" />
      <homePath value="C:\Users\tmj\Anaconda3\envs\blog2\python.exe" />
      <roots>
        <classPath>
          <root type="composite">
            <root url="file://$USER_HOME$/Anaconda3/envs/blog2/DLLs" type="simple" />
            <root url="file://$USER_HOME$/Anaconda3/envs/blog2/Lib" type="simple" />
            <root url="file://$USER_HOME$/Anaconda3/envs/blog2" type="simple" />
            <root url="file://$USER_HOME$/Anaconda3/envs/blog2/Lib/site-packages" type="simple" />
            <root url="file://$USER_HOME$/.PyCharm2018.3/system/python_stubs/25864068" type="simple" />
            <root url="file://$APPLICATION_HOME_DIR$/helpers/python-skeletons" type="simple" />
            <root url="file://$APPLICATION_HOME_DIR$/helpers/typeshed/stdlib/3" type="simple" />
            <root url="file://$APPLICATION_HOME_DIR$/helpers/typeshed/stdlib/2and3" type="simple" />
            <root url="file://$APPLICATION_HOME_DIR$/helpers/typeshed/third_party/3" type="simple" />
            <root url="file://$APPLICATION_HOME_DIR$/helpers/typeshed/third_party/2and3" type="simple" />
          </root>
        </classPath>
        <sourcePath>
          <root type="composite" />
        </sourcePath>
      </roots>
      <additional />
    </jdk>
    <jdk version="2">
      <name value="Python 3.6 (django-blog-tutorial)" />
      <type value="Python SDK" />
      <version value="Python 3.6.8" />
      <homePath value="C:\Users\tmj\Anaconda3\envs\blog1\python.exe" />
      <roots>
        <classPath>
          <root type="composite">
            <root url="file://$USER_HOME$/Anaconda3/envs/blog1/DLLs" type="simple" />
            <root url="file://$USER_HOME$/Anaconda3/envs/blog1/Lib" type="simple" />
            <root url="file://$USER_HOME$/Anaconda3/envs/blog1" type="simple" />
            <root url="file://$USER_HOME$/Anaconda3/envs/blog1/Lib/site-packages" type="simple" />
            <root url="file://$USER_HOME$/.PyCharm2018.3/system/python_stubs/-103218651" type="simple" />
            <root url="file://$APPLICATION_HOME_DIR$/helpers/python-skeletons" type="simple" />
            <root url="file://$APPLICATION_HOME_DIR$/helpers/typeshed/stdlib/3" type="simple" />
            <root url="file://$APPLICATION_HOME_DIR$/helpers/typeshed/stdlib/2and3" type="simple" />
            <root url="file://$APPLICATION_HOME_DIR$/helpers/typeshed/third_party/3" type="simple" />
            <root url="file://$APPLICATION_HOME_DIR$/helpers/typeshed/third_party/2and3" type="simple" />
          </root>
        </classPath>
        <sourcePath>
          <root type="composite" />
        </sourcePath>
      </roots>
      <additional />
    </jdk>
    <jdk version="2">
      <name value="Python 3.7 (typeidea-master)" />
      <type value="Python SDK" />
      <version value="Python 3.7.2" />
      <homePath value="C:\Users\tmj\Anaconda3\envs\blog3\python.exe" />
      <roots>
        <classPath>
          <root type="composite">
            <root url="file://$USER_HOME$/Anaconda3/envs/blog3/DLLs" type="simple" />
            <root url="file://$USER_HOME$/Anaconda3/envs/blog3/Lib" type="simple" />
            <root url="file://$USER_HOME$/Anaconda3/envs/blog3" type="simple" />
            <root url="file://$USER_HOME$/Anaconda3/envs/blog3/Lib/site-packages" type="simple" />
            <root url="file://$USER_HOME$/.PyCharm2018.3/system/python_stubs/154946787" type="simple" />
            <root url="file://$APPLICATION_HOME_DIR$/helpers/python-skeletons" type="simple" />
            <root url="file://$APPLICATION_HOME_DIR$/helpers/typeshed/stdlib/3" type="simple" />
            <root url="file://$APPLICATION_HOME_DIR$/helpers/typeshed/stdlib/2and3" type="simple" />
            <root url="file://$APPLICATION_HOME_DIR$/helpers/typeshed/third_party/3" type="simple" />
            <root url="file://$APPLICATION_HOME_DIR$/helpers/typeshed/third_party/2and3" type="simple" />
          </root>
        </classPath>
        <sourcePath>
          <root type="composite" />
        </sourcePath>
      </roots>
      <additional ASSOCIATED_PROJECT_PATH="F:/typeidea-master/typeidea-master" />
    </jdk>
    <jdk version="2">
      <name value="Python 3.6 (TmjBlog)" />
      <type value="Python SDK" />
      <version value="Python 3.6.8" />
      <homePath value="C:\Users\tmj\Anaconda3\envs\kaifa\python.exe" />
      <roots>
        <classPath>
          <root type="composite">
            <root url="file://$USER_HOME$/Anaconda3/envs/kaifa/DLLs" type="simple" />
            <root url="file://$USER_HOME$/Anaconda3/envs/kaifa/Lib" type="simple" />
            <root url="file://$USER_HOME$/Anaconda3/envs/kaifa/Lib/site-packages" type="simple" />
            <root url="file://$USER_HOME$/.PyCharm2019.1/system/python_stubs/1126531014" type="simple" />
            <root url="file://$APPLICATION_HOME_DIR$/helpers/python-skeletons" type="simple" />
            <root url="file://$APPLICATION_HOME_DIR$/helpers/typeshed/stdlib/3" type="simple" />
            <root url="file://$APPLICATION_HOME_DIR$/helpers/typeshed/stdlib/2and3" type="simple" />
            <root url="file://$APPLICATION_HOME_DIR$/helpers/typeshed/third_party/3" type="simple" />
            <root url="file://$APPLICATION_HOME_DIR$/helpers/typeshed/third_party/2and3" type="simple" />
          </root>
        </classPath>
        <sourcePath>
          <root type="composite" />
        </sourcePath>
      </roots>
      <additional />
    </jdk>
  </component>
</application>